{
  "ate_mean_m": 0.9552260987369248,
  "ate_rmse_m": 1.3301788427001582,
  "ate_std_m": 0.9256991162677897,
  "completeness_pct": 61.29943502824859,
  "delta_m": 10.0,
  "gt_poses": 354,
  "matched_poses": 217,
  "rpe_rot_drift_deg_per_100m": 12.197722231935213,
  "rpe_rot_mean_deg": 1.2197722231935213,
  "rpe_rot_rmse_deg": 1.91773856233609,
  "rpe_trans_drift_m_per_m": 1.5819611577890402,
  "rpe_trans_mean_m": 15.819611577890402,
  "rpe_trans_rmse_m": 16.042216602749875,
  "t_max_diff_s": 0.1
}